{"stats":{"minecraft:killed":{"minecraft:sheep":1,"minecraft:zombie":1},"minecraft:mined":{"minecraft:hay_block":8,"minecraft:oak_fence":1,"minecraft:crafting_table":2,"minecraft:grass":7,"minecraft:bookshelf":4,"minecraft:oak_log":1,"minecraft:dirt_path":2,"minecraft:tall_grass":4,"minecraft:oak_leaves":1},"minecraft:crafted":{"minecraft:oak_planks":4,"minecraft:crafting_table":1,"minecraft:bread":24,"minecraft:wheat":72},"minecraft:picked_up":{"minecraft:book":12,"minecraft:crafting_table":2,"minecraft:oak_fence":1,"minecraft:oak_log":1,"minecraft:dirt":1,"minecraft:rotten_flesh":2,"minecraft:wheat_seeds":1,"minecraft:hay_block":8,"minecraft:oak_sapling":1,"minecraft:mutton":2,"minecraft:white_wool":1,"minecraft:egg":1},"minecraft:used":{"minecraft:oak_fence":1,"minecraft:bread":2,"minecraft:leather_helmet":1,"minecraft:white_wool":1,"minecraft:dirt":1,"minecraft:crafting_table":2,"minecraft:egg":1},"minecraft:custom":{"minecraft:time_since_rest":11256,"minecraft:sprint_one_cm":34297,"minecraft:damage_taken":165,"minecraft:walk_one_cm":29646,"minecraft:mob_kills":2,"minecraft:damage_dealt":276,"minecraft:interact_with_crafting_table":3,"minecraft:fly_one_cm":61627,"minecraft:open_chest":4,"minecraft:crouch_one_cm":1394,"minecraft:play_time":16162,"minecraft:sneak_time":541,"minecraft:jump":418,"minecraft:leave_game":1,"minecraft:time_since_death":16162,"minecraft:sleep_in_bed":1,"minecraft:climb_one_cm":808,"minecraft:total_world_time":16162,"minecraft:fall_one_cm":14426}},"DataVersion":3465}