{"stats":{"minecraft:killed":{"minecraft:sheep":1,"minecraft:zombie":1},"minecraft:mined":{"minecraft:bookshelf":4,"minecraft:grass":4,"minecraft:hay_block":8,"minecraft:oak_log":1,"minecraft:dirt_path":2,"minecraft:tall_grass":3,"minecraft:oak_leaves":1,"minecraft:crafting_table":2},"minecraft:crafted":{"minecraft:oak_planks":4,"minecraft:crafting_table":1,"minecraft:bread":24,"minecraft:wheat":72},"minecraft:picked_up":{"minecraft:crafting_table":2,"minecraft:rotten_flesh":2,"minecraft:hay_block":8,"minecraft:oak_log":1,"minecraft:oak_sapling":1,"minecraft:dirt":1,"minecraft:mutton":2,"minecraft:white_wool":1,"minecraft:book":12},"minecraft:used":{"minecraft:white_wool":1,"minecraft:dirt":1,"minecraft:crafting_table":2,"minecraft:bread":2,"minecraft:leather_helmet":1},"minecraft:custom":{"minecraft:open_chest":4,"minecraft:time_since_rest":9440,"minecraft:crouch_one_cm":1394,"minecraft:play_time":14346,"minecraft:sprint_one_cm":30330,"minecraft:damage_taken":125,"minecraft:walk_one_cm":26562,"minecraft:sneak_time":541,"minecraft:mob_kills":2,"minecraft:jump":303,"minecraft:damage_dealt":276,"minecraft:time_since_death":14346,"minecraft:sleep_in_bed":1,"minecraft:climb_one_cm":808,"minecraft:total_world_time":14346,"minecraft:interact_with_crafting_table":3,"minecraft:fall_one_cm":10994,"minecraft:fly_one_cm":53423}},"DataVersion":3465}